-- Insérer deux utilisateurs
INSERT INTO appuser (id)
VALUES ('e61e16cf-90cb-4e94-aae1-01c9a0f8d005');
INSERT INTO appuser (id)
VALUES ('b0b3d76b-ec13-4cb5-9e57-6a3c7d5aa77e');
INSERT INTO appuser (id)
VALUES ('fe47a294-be58-49fe-9193-4d2dc29f14f6');
INSERT INTO appuser (id)
VALUES ('e9d64902-80de-4214-8ec6-02dce922d9cf');
INSERT INTO appuser (id)
VALUES ('6f7e1b1d-d9c7-4e73-9eac-073d6a2f6d29');
INSERT INTO appuser (id)
VALUES ('5c9a3a52-c260-4b19-8a0a-8a42f24c4307');
INSERT INTO appuser (id)
VALUES ('3b1a76f0-4b38-4b7d-97ed-2f1f0115f341');

-- Insérer un quizz
INSERT INTO quizz (id, name, type)
VALUES ('89ef7139-58d9-4a2e-911e-17ae5993acb2', 'Quizz de Bien-être', 4);

-- Insérer deux questions pour le quizz
INSERT INTO question (id, title, type)
VALUES ('106bf881-b05a-4253-bf0a-4245c1cf0baf', 'Votre niveau de stress', 1);
INSERT INTO question (id, title, type)
VALUES ('b4232058-b7fc-4ddd-b92b-0cfca6f9e085', 'Votre niveau de bonne humeur', 2);
INSERT INTO question (id, title, type)
VALUES ('890901e8-be06-49dd-a95c-fec971d01301', 'Votre niveau d énergie', 3);
INSERT INTO question (id, title, type)
VALUES ('d3618fef-93de-45c6-b633-d7388ee6bf71', 'Partagez vos pensées ou commentaires', 4);

-- Associer les questions au quizz
INSERT INTO quizz_question (quizz_id, questions_id)
VALUES ('89ef7139-58d9-4a2e-911e-17ae5993acb2', '106bf881-b05a-4253-bf0a-4245c1cf0baf');
INSERT INTO quizz_question (quizz_id, questions_id)
VALUES ('89ef7139-58d9-4a2e-911e-17ae5993acb2', 'b4232058-b7fc-4ddd-b92b-0cfca6f9e085');
INSERT INTO quizz_question (quizz_id, questions_id)
VALUES ('89ef7139-58d9-4a2e-911e-17ae5993acb2', '890901e8-be06-49dd-a95c-fec971d01301');
INSERT INTO quizz_question (quizz_id, questions_id)
VALUES ('89ef7139-58d9-4a2e-911e-17ae5993acb2', 'd3618fef-93de-45c6-b633-d7388ee6bf71');

INSERT INTO answer (id, value, date, quizz_id, question_id, appuser_id) VALUES ('3c895ec7-2b6b-42c5-9f12-7d7f38b58eae', 'Instaurer le free friday', '2024-01-25', '89ef7139-58d9-4a2e-911e-17ae5993acb2', 'd3618fef-93de-45c6-b633-d7388ee6bf71', 'fe47a294-be58-49fe-9193-4d2dc29f14f6'),('3c895ec7-2b6b-42c5-9f12-7d7f68b58e3e', 'Cappuccino vanille dans la machine à café', '2024-01-25', '89ef7139-58d9-4a2e-911e-17ae5993acb2', 'd3618fef-93de-45c6-b633-d7388ee6bf71', 'fe47a294-be58-49fe-9193-4d2dc29f14f6');

INSERT INTO answer (id, value, date, quizz_id, question_id, appuser_id) VALUES ('3c895ec7-2b6b-42c5-9f12-7d7f68b58eae', 4, '2024-01-13', '89ef7139-58d9-4a2e-911e-17ae5993acb2', '106bf881-b05a-4253-bf0a-4245c1cf0baf', 'fe47a294-be58-49fe-9193-4d2dc29f14f6'),
('549d9b74-225e-44b5-8146-f4f8529ded09', 3, '2024-01-14', '89ef7139-58d9-4a2e-911e-17ae5993acb2', '106bf881-b05a-4253-bf0a-4245c1cf0baf', 'fe47a294-be58-49fe-9193-4d2dc29f14f6'),
('2157887a-cdab-42f6-a788-cf22363b8279', 0, '2024-01-15', '89ef7139-58d9-4a2e-911e-17ae5993acb2', '106bf881-b05a-4253-bf0a-4245c1cf0baf', 'fe47a294-be58-49fe-9193-4d2dc29f14f6'),
('f8c71a84-a32c-4c24-b5ff-ccdad0f40c25', 3, '2024-01-16', '89ef7139-58d9-4a2e-911e-17ae5993acb2', '106bf881-b05a-4253-bf0a-4245c1cf0baf', 'fe47a294-be58-49fe-9193-4d2dc29f14f6'),
('91b14392-d053-4258-a5b6-f54abaa7cf84', 2, '2024-01-17', '89ef7139-58d9-4a2e-911e-17ae5993acb2', '106bf881-b05a-4253-bf0a-4245c1cf0baf', 'fe47a294-be58-49fe-9193-4d2dc29f14f6'),
('41fee4eb-08f1-4e2c-be13-5f8bcf86648a', 2, '2024-01-18', '89ef7139-58d9-4a2e-911e-17ae5993acb2', '106bf881-b05a-4253-bf0a-4245c1cf0baf', 'fe47a294-be58-49fe-9193-4d2dc29f14f6'),
('f49614ec-eab3-4b71-94a8-9ff904354660', 4, '2024-01-19', '89ef7139-58d9-4a2e-911e-17ae5993acb2', '106bf881-b05a-4253-bf0a-4245c1cf0baf', 'fe47a294-be58-49fe-9193-4d2dc29f14f6'),
('9b2bcd09-8c25-4e43-8df0-6ffe20818c5b', 3, '2024-01-20', '89ef7139-58d9-4a2e-911e-17ae5993acb2', '106bf881-b05a-4253-bf0a-4245c1cf0baf', 'fe47a294-be58-49fe-9193-4d2dc29f14f6'),
('2c3e65f0-cc48-4700-a2b3-159c56ccb4e9', 0, '2024-01-21', '89ef7139-58d9-4a2e-911e-17ae5993acb2', '106bf881-b05a-4253-bf0a-4245c1cf0baf', 'fe47a294-be58-49fe-9193-4d2dc29f14f6'),
('098cc3dd-4600-4a46-a672-8bd0d6601073', 0, '2024-01-22', '89ef7139-58d9-4a2e-911e-17ae5993acb2', '106bf881-b05a-4253-bf0a-4245c1cf0baf', 'fe47a294-be58-49fe-9193-4d2dc29f14f6'),
('37fe18ed-f301-47b6-8467-1b37a31db779', 4, '2024-01-23', '89ef7139-58d9-4a2e-911e-17ae5993acb2', '106bf881-b05a-4253-bf0a-4245c1cf0baf', 'fe47a294-be58-49fe-9193-4d2dc29f14f6'),
('9d68bbfd-efc0-49cc-bf3d-48e342f3436f', 0, '2024-01-24', '89ef7139-58d9-4a2e-911e-17ae5993acb2', '106bf881-b05a-4253-bf0a-4245c1cf0baf', 'fe47a294-be58-49fe-9193-4d2dc29f14f6'),
('3a714ca4-49f0-4d83-a057-49ad4aeed75a', 1, '2024-01-25', '89ef7139-58d9-4a2e-911e-17ae5993acb2', '106bf881-b05a-4253-bf0a-4245c1cf0baf', 'fe47a294-be58-49fe-9193-4d2dc29f14f6'),
('c4e09e5e-f8ea-442c-b9e9-04010131f783', 3, '2024-01-13', '89ef7139-58d9-4a2e-911e-17ae5993acb2', 'b4232058-b7fc-4ddd-b92b-0cfca6f9e085', 'fe47a294-be58-49fe-9193-4d2dc29f14f6'),
('60b248f7-b24a-4823-bbb5-d9365d044589', 3, '2024-01-14', '89ef7139-58d9-4a2e-911e-17ae5993acb2', 'b4232058-b7fc-4ddd-b92b-0cfca6f9e085', 'fe47a294-be58-49fe-9193-4d2dc29f14f6'),
('4bb18647-2112-4781-8d06-e17a70a3ca18', 4, '2024-01-15', '89ef7139-58d9-4a2e-911e-17ae5993acb2', 'b4232058-b7fc-4ddd-b92b-0cfca6f9e085', 'fe47a294-be58-49fe-9193-4d2dc29f14f6'),
('75315176-e361-449f-8195-5901d9daba86', 4, '2024-01-16', '89ef7139-58d9-4a2e-911e-17ae5993acb2', 'b4232058-b7fc-4ddd-b92b-0cfca6f9e085', 'fe47a294-be58-49fe-9193-4d2dc29f14f6'),
('be03e43c-2ec9-4291-a62d-90176980382c', 0, '2024-01-17', '89ef7139-58d9-4a2e-911e-17ae5993acb2', 'b4232058-b7fc-4ddd-b92b-0cfca6f9e085', 'fe47a294-be58-49fe-9193-4d2dc29f14f6'),
('74740d3f-e053-4583-aa75-d0f92bb83236', 4, '2024-01-18', '89ef7139-58d9-4a2e-911e-17ae5993acb2', 'b4232058-b7fc-4ddd-b92b-0cfca6f9e085', 'fe47a294-be58-49fe-9193-4d2dc29f14f6'),
('ecf54f0e-88e7-4881-b28a-ca76baece312', 0, '2024-01-19', '89ef7139-58d9-4a2e-911e-17ae5993acb2', 'b4232058-b7fc-4ddd-b92b-0cfca6f9e085', 'fe47a294-be58-49fe-9193-4d2dc29f14f6'),
('9cca8fb6-36a0-4399-a4f4-44b6ff738b4d', 3, '2024-01-20', '89ef7139-58d9-4a2e-911e-17ae5993acb2', 'b4232058-b7fc-4ddd-b92b-0cfca6f9e085', 'fe47a294-be58-49fe-9193-4d2dc29f14f6'),
('2b4556b7-7328-41f5-9cf4-098dfd8b8bd9', 1, '2024-01-21', '89ef7139-58d9-4a2e-911e-17ae5993acb2', 'b4232058-b7fc-4ddd-b92b-0cfca6f9e085', 'fe47a294-be58-49fe-9193-4d2dc29f14f6'),
('68b64dd5-b2e8-4a2f-9fb7-b22190f04946', 1, '2024-01-22', '89ef7139-58d9-4a2e-911e-17ae5993acb2', 'b4232058-b7fc-4ddd-b92b-0cfca6f9e085', 'fe47a294-be58-49fe-9193-4d2dc29f14f6'),
('44a189c5-9d88-470d-b859-70d06f1a42ca', 1, '2024-01-23', '89ef7139-58d9-4a2e-911e-17ae5993acb2', 'b4232058-b7fc-4ddd-b92b-0cfca6f9e085', 'fe47a294-be58-49fe-9193-4d2dc29f14f6'),
('319589d4-1a12-4510-b676-80b41c0f52e1', 2, '2024-01-24', '89ef7139-58d9-4a2e-911e-17ae5993acb2', 'b4232058-b7fc-4ddd-b92b-0cfca6f9e085', 'fe47a294-be58-49fe-9193-4d2dc29f14f6'),
('41f9bd81-e4c6-4131-bd7b-4b1b3d75baf3', 3, '2024-01-25', '89ef7139-58d9-4a2e-911e-17ae5993acb2', 'b4232058-b7fc-4ddd-b92b-0cfca6f9e085', 'fe47a294-be58-49fe-9193-4d2dc29f14f6'),
('127d15d8-aa28-4d31-812b-425640b969e9', 2, '2024-01-13', '89ef7139-58d9-4a2e-911e-17ae5993acb2', '890901e8-be06-49dd-a95c-fec971d01301', 'fe47a294-be58-49fe-9193-4d2dc29f14f6'),
('83588799-d42b-49f7-9e3d-ea80be150651', 3, '2024-01-14', '89ef7139-58d9-4a2e-911e-17ae5993acb2', '890901e8-be06-49dd-a95c-fec971d01301', 'fe47a294-be58-49fe-9193-4d2dc29f14f6'),
('b3fedbeb-05de-418f-872d-95c513bc8149', 4, '2024-01-15', '89ef7139-58d9-4a2e-911e-17ae5993acb2', '890901e8-be06-49dd-a95c-fec971d01301', 'fe47a294-be58-49fe-9193-4d2dc29f14f6'),
('d5534c7b-13f3-4055-a7c7-512d1f6b787d', 3, '2024-01-16', '89ef7139-58d9-4a2e-911e-17ae5993acb2', '890901e8-be06-49dd-a95c-fec971d01301', 'fe47a294-be58-49fe-9193-4d2dc29f14f6'),
('3b1056e9-4d20-4290-9f8a-9ec171b05e19', 3, '2024-01-17', '89ef7139-58d9-4a2e-911e-17ae5993acb2', '890901e8-be06-49dd-a95c-fec971d01301', 'fe47a294-be58-49fe-9193-4d2dc29f14f6'),
('b1fa2d5b-2196-40c4-a928-1f133d5e0ac0', 0, '2024-01-18', '89ef7139-58d9-4a2e-911e-17ae5993acb2', '890901e8-be06-49dd-a95c-fec971d01301', 'fe47a294-be58-49fe-9193-4d2dc29f14f6'),
('3bc9a3ed-a5e4-406c-ba62-5d578c5956cf', 2, '2024-01-19', '89ef7139-58d9-4a2e-911e-17ae5993acb2', '890901e8-be06-49dd-a95c-fec971d01301', 'fe47a294-be58-49fe-9193-4d2dc29f14f6'),
('79152b57-09ce-4e3d-b967-f482e1379347', 1, '2024-01-20', '89ef7139-58d9-4a2e-911e-17ae5993acb2', '890901e8-be06-49dd-a95c-fec971d01301', 'fe47a294-be58-49fe-9193-4d2dc29f14f6'),
('cd7a6e21-0b71-490f-a3fe-da0251821ccf', 2, '2024-01-21', '89ef7139-58d9-4a2e-911e-17ae5993acb2', '890901e8-be06-49dd-a95c-fec971d01301', 'fe47a294-be58-49fe-9193-4d2dc29f14f6'),
('9baa9d32-72d4-440c-9362-ac81e6474b32', 0, '2024-01-22', '89ef7139-58d9-4a2e-911e-17ae5993acb2', '890901e8-be06-49dd-a95c-fec971d01301', 'fe47a294-be58-49fe-9193-4d2dc29f14f6'),
('bac77999-6bb0-4097-bdb2-133dbaf4b8b3', 4, '2024-01-23', '89ef7139-58d9-4a2e-911e-17ae5993acb2', '890901e8-be06-49dd-a95c-fec971d01301', 'fe47a294-be58-49fe-9193-4d2dc29f14f6'),
('3ff3da5d-cba0-4444-845c-b3a8fec36131', 3, '2024-01-24', '89ef7139-58d9-4a2e-911e-17ae5993acb2', '890901e8-be06-49dd-a95c-fec971d01301', 'fe47a294-be58-49fe-9193-4d2dc29f14f6'),
('30679389-703a-4ce6-85b2-d379092a5110', 2, '2024-01-25', '89ef7139-58d9-4a2e-911e-17ae5993acb2', '890901e8-be06-49dd-a95c-fec971d01301', 'fe47a294-be58-49fe-9193-4d2dc29f14f6'),
('0b869e23-942a-4930-9f1a-5214df976b09', 3, '2024-01-13', '89ef7139-58d9-4a2e-911e-17ae5993acb2', '106bf881-b05a-4253-bf0a-4245c1cf0baf', 'e9d64902-80de-4214-8ec6-02dce922d9cf'),
('fc8c6af7-25fb-41ad-9441-b2869492d9ea', 0, '2024-01-14', '89ef7139-58d9-4a2e-911e-17ae5993acb2', '106bf881-b05a-4253-bf0a-4245c1cf0baf', 'e9d64902-80de-4214-8ec6-02dce922d9cf'),
('67833c94-a84a-41de-bce5-08d9ba7cf8c4', 0, '2024-01-15', '89ef7139-58d9-4a2e-911e-17ae5993acb2', '106bf881-b05a-4253-bf0a-4245c1cf0baf', 'e9d64902-80de-4214-8ec6-02dce922d9cf'),
('6b3e8a33-da00-45d0-ab04-cb9a55de7cd4', 1, '2024-01-16', '89ef7139-58d9-4a2e-911e-17ae5993acb2', '106bf881-b05a-4253-bf0a-4245c1cf0baf', 'e9d64902-80de-4214-8ec6-02dce922d9cf'),
('4eca2429-4ff0-4829-98a5-ffebf189975f', 4, '2024-01-17', '89ef7139-58d9-4a2e-911e-17ae5993acb2', '106bf881-b05a-4253-bf0a-4245c1cf0baf', 'e9d64902-80de-4214-8ec6-02dce922d9cf'),
('8bbbb877-6e60-4866-b81a-c46e34a1cf54', 2, '2024-01-18', '89ef7139-58d9-4a2e-911e-17ae5993acb2', '106bf881-b05a-4253-bf0a-4245c1cf0baf', 'e9d64902-80de-4214-8ec6-02dce922d9cf'),
('4c514497-e32e-4ac7-9eb6-1fc4eecba815', 1, '2024-01-19', '89ef7139-58d9-4a2e-911e-17ae5993acb2', '106bf881-b05a-4253-bf0a-4245c1cf0baf', 'e9d64902-80de-4214-8ec6-02dce922d9cf'),
('b214064b-054d-4fde-ad61-326e861f64bb', 0, '2024-01-20', '89ef7139-58d9-4a2e-911e-17ae5993acb2', '106bf881-b05a-4253-bf0a-4245c1cf0baf', 'e9d64902-80de-4214-8ec6-02dce922d9cf'),
('588b4fcc-4dda-4fc3-9b8f-c6eba7460d3c', 0, '2024-01-21', '89ef7139-58d9-4a2e-911e-17ae5993acb2', '106bf881-b05a-4253-bf0a-4245c1cf0baf', 'e9d64902-80de-4214-8ec6-02dce922d9cf'),
('5fae1ef3-008e-4775-96a2-cc49f5a3b032', 1, '2024-01-22', '89ef7139-58d9-4a2e-911e-17ae5993acb2', '106bf881-b05a-4253-bf0a-4245c1cf0baf', 'e9d64902-80de-4214-8ec6-02dce922d9cf'),
('f0b86a47-71b2-497a-a412-f304248267d9', 1, '2024-01-23', '89ef7139-58d9-4a2e-911e-17ae5993acb2', '106bf881-b05a-4253-bf0a-4245c1cf0baf', 'e9d64902-80de-4214-8ec6-02dce922d9cf'),
('9d93e01c-7f0c-497f-9e6a-91ed7266d061', 4, '2024-01-24', '89ef7139-58d9-4a2e-911e-17ae5993acb2', '106bf881-b05a-4253-bf0a-4245c1cf0baf', 'e9d64902-80de-4214-8ec6-02dce922d9cf'),
('26f6da94-72d9-4eb6-890a-e40a5bd60332', 1, '2024-01-25', '89ef7139-58d9-4a2e-911e-17ae5993acb2', '106bf881-b05a-4253-bf0a-4245c1cf0baf', 'e9d64902-80de-4214-8ec6-02dce922d9cf'),
('db260dc0-8ca0-4f61-bce7-6b55eb9dbbd5', 0, '2024-01-13', '89ef7139-58d9-4a2e-911e-17ae5993acb2', 'b4232058-b7fc-4ddd-b92b-0cfca6f9e085', 'e9d64902-80de-4214-8ec6-02dce922d9cf'),
('233868bd-5729-407e-8112-8bcd45a99df2', 2, '2024-01-14', '89ef7139-58d9-4a2e-911e-17ae5993acb2', 'b4232058-b7fc-4ddd-b92b-0cfca6f9e085', 'e9d64902-80de-4214-8ec6-02dce922d9cf'),
('614d46d5-91c9-4a7b-88dd-0188eecdfde0', 0, '2024-01-15', '89ef7139-58d9-4a2e-911e-17ae5993acb2', 'b4232058-b7fc-4ddd-b92b-0cfca6f9e085', 'e9d64902-80de-4214-8ec6-02dce922d9cf'),
('1b5da568-abb9-478b-a105-c9d17f372cdc', 3, '2024-01-16', '89ef7139-58d9-4a2e-911e-17ae5993acb2', 'b4232058-b7fc-4ddd-b92b-0cfca6f9e085', 'e9d64902-80de-4214-8ec6-02dce922d9cf'),
('a2e9aef7-0079-4c62-9bbe-880839da4332', 1, '2024-01-17', '89ef7139-58d9-4a2e-911e-17ae5993acb2', 'b4232058-b7fc-4ddd-b92b-0cfca6f9e085', 'e9d64902-80de-4214-8ec6-02dce922d9cf'),
('94f5b88e-a936-4d45-8c05-3aea3abb0dfe', 1, '2024-01-18', '89ef7139-58d9-4a2e-911e-17ae5993acb2', 'b4232058-b7fc-4ddd-b92b-0cfca6f9e085', 'e9d64902-80de-4214-8ec6-02dce922d9cf'),
('56135bbd-7d6a-4703-8c43-e0c218e16ee8', 2, '2024-01-19', '89ef7139-58d9-4a2e-911e-17ae5993acb2', 'b4232058-b7fc-4ddd-b92b-0cfca6f9e085', 'e9d64902-80de-4214-8ec6-02dce922d9cf'),
('489ac18a-8103-4add-8f39-44d2ef42e15d', 0, '2024-01-20', '89ef7139-58d9-4a2e-911e-17ae5993acb2', 'b4232058-b7fc-4ddd-b92b-0cfca6f9e085', 'e9d64902-80de-4214-8ec6-02dce922d9cf'),
('0bdbe467-d1b2-459b-8cbe-1f973df79250', 2, '2024-01-21', '89ef7139-58d9-4a2e-911e-17ae5993acb2', 'b4232058-b7fc-4ddd-b92b-0cfca6f9e085', 'e9d64902-80de-4214-8ec6-02dce922d9cf'),
('cb05caa3-f831-4855-ad06-a12df9cd7660', 3, '2024-01-22', '89ef7139-58d9-4a2e-911e-17ae5993acb2', 'b4232058-b7fc-4ddd-b92b-0cfca6f9e085', 'e9d64902-80de-4214-8ec6-02dce922d9cf'),
('0ee3ee3b-98fe-45e9-961c-adcce4f33b9f', 3, '2024-01-23', '89ef7139-58d9-4a2e-911e-17ae5993acb2', 'b4232058-b7fc-4ddd-b92b-0cfca6f9e085', 'e9d64902-80de-4214-8ec6-02dce922d9cf'),
('8991d897-d556-4ec3-b091-efb5ab795238', 2, '2024-01-24', '89ef7139-58d9-4a2e-911e-17ae5993acb2', 'b4232058-b7fc-4ddd-b92b-0cfca6f9e085', 'e9d64902-80de-4214-8ec6-02dce922d9cf'),
('f2c5355a-7265-487a-be2a-4e3e05f792ad', 4, '2024-01-25', '89ef7139-58d9-4a2e-911e-17ae5993acb2', 'b4232058-b7fc-4ddd-b92b-0cfca6f9e085', 'e9d64902-80de-4214-8ec6-02dce922d9cf'),
('42db8825-1a3f-4334-9d76-b386cd92cc8c', 3, '2024-01-13', '89ef7139-58d9-4a2e-911e-17ae5993acb2', '890901e8-be06-49dd-a95c-fec971d01301', 'e9d64902-80de-4214-8ec6-02dce922d9cf'),
('bd625ef6-236a-4775-8e58-5e6e87927246', 4, '2024-01-14', '89ef7139-58d9-4a2e-911e-17ae5993acb2', '890901e8-be06-49dd-a95c-fec971d01301', 'e9d64902-80de-4214-8ec6-02dce922d9cf'),
('7ed47351-00b1-4c88-908a-d6ac2233fe07', 3, '2024-01-15', '89ef7139-58d9-4a2e-911e-17ae5993acb2', '890901e8-be06-49dd-a95c-fec971d01301', 'e9d64902-80de-4214-8ec6-02dce922d9cf'),
('862d9191-eda3-4b1a-b61d-066edaca554c', 0, '2024-01-16', '89ef7139-58d9-4a2e-911e-17ae5993acb2', '890901e8-be06-49dd-a95c-fec971d01301', 'e9d64902-80de-4214-8ec6-02dce922d9cf'),
('6c37cf21-1091-4360-bb61-d45ec1a251dd', 2, '2024-01-17', '89ef7139-58d9-4a2e-911e-17ae5993acb2', '890901e8-be06-49dd-a95c-fec971d01301', 'e9d64902-80de-4214-8ec6-02dce922d9cf'),
('a29f4af6-203e-49f7-9c7b-5b6991349b51', 3, '2024-01-18', '89ef7139-58d9-4a2e-911e-17ae5993acb2', '890901e8-be06-49dd-a95c-fec971d01301', 'e9d64902-80de-4214-8ec6-02dce922d9cf'),
('c68f965f-a0e7-44aa-a3ac-47cc9dabbd23', 4, '2024-01-19', '89ef7139-58d9-4a2e-911e-17ae5993acb2', '890901e8-be06-49dd-a95c-fec971d01301', 'e9d64902-80de-4214-8ec6-02dce922d9cf'),
('d8d017fa-78fe-4260-9661-f52a1ee81858', 3, '2024-01-20', '89ef7139-58d9-4a2e-911e-17ae5993acb2', '890901e8-be06-49dd-a95c-fec971d01301', 'e9d64902-80de-4214-8ec6-02dce922d9cf'),
('7fcc150f-3551-47d3-bb6d-dbfa09330420', 1, '2024-01-21', '89ef7139-58d9-4a2e-911e-17ae5993acb2', '890901e8-be06-49dd-a95c-fec971d01301', 'e9d64902-80de-4214-8ec6-02dce922d9cf'),
('38b497b2-b9f4-4539-8f64-908c981cfa7e', 2, '2024-01-22', '89ef7139-58d9-4a2e-911e-17ae5993acb2', '890901e8-be06-49dd-a95c-fec971d01301', 'e9d64902-80de-4214-8ec6-02dce922d9cf'),
('b38eebb9-4d6f-4bf5-a810-5a484bfafa77', 2, '2024-01-23', '89ef7139-58d9-4a2e-911e-17ae5993acb2', '890901e8-be06-49dd-a95c-fec971d01301', 'e9d64902-80de-4214-8ec6-02dce922d9cf'),
('4e5067e7-b401-4cf4-b285-3843745e7a77', 4, '2024-01-24', '89ef7139-58d9-4a2e-911e-17ae5993acb2', '890901e8-be06-49dd-a95c-fec971d01301', 'e9d64902-80de-4214-8ec6-02dce922d9cf'),
('da125acb-53df-4003-8650-416736a56830', 1, '2024-01-25', '89ef7139-58d9-4a2e-911e-17ae5993acb2', '890901e8-be06-49dd-a95c-fec971d01301', 'e9d64902-80de-4214-8ec6-02dce922d9cf'),
('382f6083-7cb2-4282-bc01-5ca2f15ecaad', 0, '2024-01-13', '89ef7139-58d9-4a2e-911e-17ae5993acb2', '106bf881-b05a-4253-bf0a-4245c1cf0baf', '6f7e1b1d-d9c7-4e73-9eac-073d6a2f6d29'),
('373d48b4-306d-4660-90f2-2159acce9500', 4, '2024-01-14', '89ef7139-58d9-4a2e-911e-17ae5993acb2', '106bf881-b05a-4253-bf0a-4245c1cf0baf', '6f7e1b1d-d9c7-4e73-9eac-073d6a2f6d29'),
('3a4a995e-4e19-48d4-a987-c3dc05b155ed', 0, '2024-01-15', '89ef7139-58d9-4a2e-911e-17ae5993acb2', '106bf881-b05a-4253-bf0a-4245c1cf0baf', '6f7e1b1d-d9c7-4e73-9eac-073d6a2f6d29'),
('c69be2be-e380-483d-bdac-54b5e0764520', 0, '2024-01-16', '89ef7139-58d9-4a2e-911e-17ae5993acb2', '106bf881-b05a-4253-bf0a-4245c1cf0baf', '6f7e1b1d-d9c7-4e73-9eac-073d6a2f6d29'),
('63475920-8b31-4c9d-9ac6-50a009077369', 2, '2024-01-17', '89ef7139-58d9-4a2e-911e-17ae5993acb2', '106bf881-b05a-4253-bf0a-4245c1cf0baf', '6f7e1b1d-d9c7-4e73-9eac-073d6a2f6d29'),
('7b3724f7-c18a-4589-bb6a-9ff457a2ee64', 0, '2024-01-18', '89ef7139-58d9-4a2e-911e-17ae5993acb2', '106bf881-b05a-4253-bf0a-4245c1cf0baf', '6f7e1b1d-d9c7-4e73-9eac-073d6a2f6d29'),
('88927791-78ca-4008-a781-db61925f5e18', 4, '2024-01-19', '89ef7139-58d9-4a2e-911e-17ae5993acb2', '106bf881-b05a-4253-bf0a-4245c1cf0baf', '6f7e1b1d-d9c7-4e73-9eac-073d6a2f6d29'),
('3e651228-5662-4f0a-a832-f9c12db46e20', 3, '2024-01-20', '89ef7139-58d9-4a2e-911e-17ae5993acb2', '106bf881-b05a-4253-bf0a-4245c1cf0baf', '6f7e1b1d-d9c7-4e73-9eac-073d6a2f6d29'),
('eb387e1b-46bb-4c22-8215-5eede32e7497', 2, '2024-01-21', '89ef7139-58d9-4a2e-911e-17ae5993acb2', '106bf881-b05a-4253-bf0a-4245c1cf0baf', '6f7e1b1d-d9c7-4e73-9eac-073d6a2f6d29'),
('70fe7374-f169-41bc-b82a-0291713bf5a3', 1, '2024-01-22', '89ef7139-58d9-4a2e-911e-17ae5993acb2', '106bf881-b05a-4253-bf0a-4245c1cf0baf', '6f7e1b1d-d9c7-4e73-9eac-073d6a2f6d29'),
('3a8eee4d-2ff8-4d3a-be51-4a195268690b', 0, '2024-01-23', '89ef7139-58d9-4a2e-911e-17ae5993acb2', '106bf881-b05a-4253-bf0a-4245c1cf0baf', '6f7e1b1d-d9c7-4e73-9eac-073d6a2f6d29'),
('17ac5755-2725-4e31-a82f-2baa7b2654d4', 0, '2024-01-24', '89ef7139-58d9-4a2e-911e-17ae5993acb2', '106bf881-b05a-4253-bf0a-4245c1cf0baf', '6f7e1b1d-d9c7-4e73-9eac-073d6a2f6d29'),
('9dda2665-2867-4ebc-a396-7ee2a1d60fc0', 0, '2024-01-25', '89ef7139-58d9-4a2e-911e-17ae5993acb2', '106bf881-b05a-4253-bf0a-4245c1cf0baf', '6f7e1b1d-d9c7-4e73-9eac-073d6a2f6d29'),
('f3768367-1a81-4904-912b-fe85aed8e448', 3, '2024-01-13', '89ef7139-58d9-4a2e-911e-17ae5993acb2', 'b4232058-b7fc-4ddd-b92b-0cfca6f9e085', '6f7e1b1d-d9c7-4e73-9eac-073d6a2f6d29'),
('5316ed3f-91b6-49fe-b750-f0c8807e510e', 3, '2024-01-14', '89ef7139-58d9-4a2e-911e-17ae5993acb2', 'b4232058-b7fc-4ddd-b92b-0cfca6f9e085', '6f7e1b1d-d9c7-4e73-9eac-073d6a2f6d29'),
('4fb45090-8600-4755-ad0d-83c7f26c879f', 0, '2024-01-15', '89ef7139-58d9-4a2e-911e-17ae5993acb2', 'b4232058-b7fc-4ddd-b92b-0cfca6f9e085', '6f7e1b1d-d9c7-4e73-9eac-073d6a2f6d29'),
('5c6bf44b-c949-472d-9a39-091567fb89e7', 4, '2024-01-16', '89ef7139-58d9-4a2e-911e-17ae5993acb2', 'b4232058-b7fc-4ddd-b92b-0cfca6f9e085', '6f7e1b1d-d9c7-4e73-9eac-073d6a2f6d29'),
('d705a9f6-2116-4ef8-840f-26079b9b5327', 2, '2024-01-17', '89ef7139-58d9-4a2e-911e-17ae5993acb2', 'b4232058-b7fc-4ddd-b92b-0cfca6f9e085', '6f7e1b1d-d9c7-4e73-9eac-073d6a2f6d29'),
('87a5b956-c75d-4d34-bda4-acdcf221adc0', 1, '2024-01-18', '89ef7139-58d9-4a2e-911e-17ae5993acb2', 'b4232058-b7fc-4ddd-b92b-0cfca6f9e085', '6f7e1b1d-d9c7-4e73-9eac-073d6a2f6d29'),
('d14042e8-ccf8-4009-94c9-5cd7615e2df4', 3, '2024-01-19', '89ef7139-58d9-4a2e-911e-17ae5993acb2', 'b4232058-b7fc-4ddd-b92b-0cfca6f9e085', '6f7e1b1d-d9c7-4e73-9eac-073d6a2f6d29'),
('19e327f7-b9cf-4e8f-bbcf-29ae4b879778', 2, '2024-01-20', '89ef7139-58d9-4a2e-911e-17ae5993acb2', 'b4232058-b7fc-4ddd-b92b-0cfca6f9e085', '6f7e1b1d-d9c7-4e73-9eac-073d6a2f6d29'),
('bf3d6129-b050-4465-ba7d-f8ec6de0c6e7', 2, '2024-01-21', '89ef7139-58d9-4a2e-911e-17ae5993acb2', 'b4232058-b7fc-4ddd-b92b-0cfca6f9e085', '6f7e1b1d-d9c7-4e73-9eac-073d6a2f6d29'),
('b824e769-1c44-42af-bbb9-aa86ffc88483', 2, '2024-01-22', '89ef7139-58d9-4a2e-911e-17ae5993acb2', 'b4232058-b7fc-4ddd-b92b-0cfca6f9e085', '6f7e1b1d-d9c7-4e73-9eac-073d6a2f6d29'),
('dc473f6a-b72a-4752-a2ee-107da13bf9ac', 1, '2024-01-23', '89ef7139-58d9-4a2e-911e-17ae5993acb2', 'b4232058-b7fc-4ddd-b92b-0cfca6f9e085', '6f7e1b1d-d9c7-4e73-9eac-073d6a2f6d29'),
('52ba0900-bfd0-496e-aec8-722425ef696e', 3, '2024-01-24', '89ef7139-58d9-4a2e-911e-17ae5993acb2', 'b4232058-b7fc-4ddd-b92b-0cfca6f9e085', '6f7e1b1d-d9c7-4e73-9eac-073d6a2f6d29'),
('f2084b33-2b73-47b6-8f67-a73b9e21a0cc', 0, '2024-01-25', '89ef7139-58d9-4a2e-911e-17ae5993acb2', 'b4232058-b7fc-4ddd-b92b-0cfca6f9e085', '6f7e1b1d-d9c7-4e73-9eac-073d6a2f6d29'),
('9b8d7383-3596-41ab-94a8-d7d8629c160f', 4, '2024-01-13', '89ef7139-58d9-4a2e-911e-17ae5993acb2', '890901e8-be06-49dd-a95c-fec971d01301', '6f7e1b1d-d9c7-4e73-9eac-073d6a2f6d29'),
('77232461-f60d-46c5-bdad-879a55b90579', 3, '2024-01-14', '89ef7139-58d9-4a2e-911e-17ae5993acb2', '890901e8-be06-49dd-a95c-fec971d01301', '6f7e1b1d-d9c7-4e73-9eac-073d6a2f6d29'),
('d222e3d1-d2dd-4403-95f9-5a91a0601ee8', 0, '2024-01-15', '89ef7139-58d9-4a2e-911e-17ae5993acb2', '890901e8-be06-49dd-a95c-fec971d01301', '6f7e1b1d-d9c7-4e73-9eac-073d6a2f6d29'),
('7c033352-181b-4448-887f-41d860189d6f', 1, '2024-01-16', '89ef7139-58d9-4a2e-911e-17ae5993acb2', '890901e8-be06-49dd-a95c-fec971d01301', '6f7e1b1d-d9c7-4e73-9eac-073d6a2f6d29'),
('8d428047-1909-4172-ad09-e57fbc531a40', 4, '2024-01-17', '89ef7139-58d9-4a2e-911e-17ae5993acb2', '890901e8-be06-49dd-a95c-fec971d01301', '6f7e1b1d-d9c7-4e73-9eac-073d6a2f6d29'),
('bac4e5c7-b4c8-4852-b805-be39e11d550c', 4, '2024-01-18', '89ef7139-58d9-4a2e-911e-17ae5993acb2', '890901e8-be06-49dd-a95c-fec971d01301', '6f7e1b1d-d9c7-4e73-9eac-073d6a2f6d29'),
('e7e304fd-0c33-4810-9388-3b93195b1e46', 4, '2024-01-19', '89ef7139-58d9-4a2e-911e-17ae5993acb2', '890901e8-be06-49dd-a95c-fec971d01301', '6f7e1b1d-d9c7-4e73-9eac-073d6a2f6d29'),
('abaefe00-0bd0-45e7-8e8c-68b3664e74d0', 0, '2024-01-20', '89ef7139-58d9-4a2e-911e-17ae5993acb2', '890901e8-be06-49dd-a95c-fec971d01301', '6f7e1b1d-d9c7-4e73-9eac-073d6a2f6d29'),
('635d3cd3-9a94-4d57-8020-4a6e03228368', 3, '2024-01-21', '89ef7139-58d9-4a2e-911e-17ae5993acb2', '890901e8-be06-49dd-a95c-fec971d01301', '6f7e1b1d-d9c7-4e73-9eac-073d6a2f6d29'),
('6b2466c4-356d-4e54-9a9c-85dc3f74e5e0', 2, '2024-01-22', '89ef7139-58d9-4a2e-911e-17ae5993acb2', '890901e8-be06-49dd-a95c-fec971d01301', '6f7e1b1d-d9c7-4e73-9eac-073d6a2f6d29'),
('897d5681-72a4-4aae-b4f4-e0606d75c495', 1, '2024-01-23', '89ef7139-58d9-4a2e-911e-17ae5993acb2', '890901e8-be06-49dd-a95c-fec971d01301', '6f7e1b1d-d9c7-4e73-9eac-073d6a2f6d29'),
('992399a1-da6d-4a58-9801-220dd8a2e707', 4, '2024-01-24', '89ef7139-58d9-4a2e-911e-17ae5993acb2', '890901e8-be06-49dd-a95c-fec971d01301', '6f7e1b1d-d9c7-4e73-9eac-073d6a2f6d29'),
('5f827b81-77ea-421d-ab5b-d033d95fe934', 1, '2024-01-25', '89ef7139-58d9-4a2e-911e-17ae5993acb2', '890901e8-be06-49dd-a95c-fec971d01301', '6f7e1b1d-d9c7-4e73-9eac-073d6a2f6d29'),
('2f7b0798-47a7-49a1-8c98-887b8d8c5651', 0, '2024-01-13', '89ef7139-58d9-4a2e-911e-17ae5993acb2', '106bf881-b05a-4253-bf0a-4245c1cf0baf', '5c9a3a52-c260-4b19-8a0a-8a42f24c4307'),
('ed7f2ab0-93e4-4dc6-91bd-31af2572713e', 4, '2024-01-14', '89ef7139-58d9-4a2e-911e-17ae5993acb2', '106bf881-b05a-4253-bf0a-4245c1cf0baf', '5c9a3a52-c260-4b19-8a0a-8a42f24c4307'),
('251723e7-6bea-4e67-bd4f-b8e963ab782c', 1, '2024-01-15', '89ef7139-58d9-4a2e-911e-17ae5993acb2', '106bf881-b05a-4253-bf0a-4245c1cf0baf', '5c9a3a52-c260-4b19-8a0a-8a42f24c4307'),
('836c7a62-6e68-4c01-af78-dbc3ad9a8101', 1, '2024-01-16', '89ef7139-58d9-4a2e-911e-17ae5993acb2', '106bf881-b05a-4253-bf0a-4245c1cf0baf', '5c9a3a52-c260-4b19-8a0a-8a42f24c4307'),
('8a1de6ac-627e-41d8-84ea-81e497c48a4c', 0, '2024-01-17', '89ef7139-58d9-4a2e-911e-17ae5993acb2', '106bf881-b05a-4253-bf0a-4245c1cf0baf', '5c9a3a52-c260-4b19-8a0a-8a42f24c4307'),
('a349cccf-6e5f-4271-8396-54028884f29e', 2, '2024-01-18', '89ef7139-58d9-4a2e-911e-17ae5993acb2', '106bf881-b05a-4253-bf0a-4245c1cf0baf', '5c9a3a52-c260-4b19-8a0a-8a42f24c4307'),
('f13894c3-2664-4e4c-8382-4ccb6b88a7c6', 3, '2024-01-19', '89ef7139-58d9-4a2e-911e-17ae5993acb2', '106bf881-b05a-4253-bf0a-4245c1cf0baf', '5c9a3a52-c260-4b19-8a0a-8a42f24c4307'),
('3b58256c-e42b-450d-8a04-f1f9fb007b18', 4, '2024-01-20', '89ef7139-58d9-4a2e-911e-17ae5993acb2', '106bf881-b05a-4253-bf0a-4245c1cf0baf', '5c9a3a52-c260-4b19-8a0a-8a42f24c4307'),
('c0677830-43e3-4da3-8d10-5fa87d289f28', 0, '2024-01-21', '89ef7139-58d9-4a2e-911e-17ae5993acb2', '106bf881-b05a-4253-bf0a-4245c1cf0baf', '5c9a3a52-c260-4b19-8a0a-8a42f24c4307'),
('11bea080-ed45-4fd0-82dd-ef02e9cbcd4f', 3, '2024-01-22', '89ef7139-58d9-4a2e-911e-17ae5993acb2', '106bf881-b05a-4253-bf0a-4245c1cf0baf', '5c9a3a52-c260-4b19-8a0a-8a42f24c4307'),
('21a5c9f7-ed55-4acf-8861-0762877d5ef7', 3, '2024-01-23', '89ef7139-58d9-4a2e-911e-17ae5993acb2', '106bf881-b05a-4253-bf0a-4245c1cf0baf', '5c9a3a52-c260-4b19-8a0a-8a42f24c4307'),
('4e2e4698-c4e0-41fe-851d-3cadee5c46c9', 4, '2024-01-24', '89ef7139-58d9-4a2e-911e-17ae5993acb2', '106bf881-b05a-4253-bf0a-4245c1cf0baf', '5c9a3a52-c260-4b19-8a0a-8a42f24c4307'),
('55799d5c-285e-4066-ba93-d095680efdd0', 4, '2024-01-25', '89ef7139-58d9-4a2e-911e-17ae5993acb2', '106bf881-b05a-4253-bf0a-4245c1cf0baf', '5c9a3a52-c260-4b19-8a0a-8a42f24c4307'),
('36183a34-09a0-4cb6-85ed-05dd4c57466d', 1, '2024-01-13', '89ef7139-58d9-4a2e-911e-17ae5993acb2', 'b4232058-b7fc-4ddd-b92b-0cfca6f9e085', '5c9a3a52-c260-4b19-8a0a-8a42f24c4307'),
('5d6af8b1-caf6-453d-92ff-71ee7f66fe08', 1, '2024-01-14', '89ef7139-58d9-4a2e-911e-17ae5993acb2', 'b4232058-b7fc-4ddd-b92b-0cfca6f9e085', '5c9a3a52-c260-4b19-8a0a-8a42f24c4307'),
('1d976ded-d1e2-4215-b7ee-d290dc78c3ca', 1, '2024-01-15', '89ef7139-58d9-4a2e-911e-17ae5993acb2', 'b4232058-b7fc-4ddd-b92b-0cfca6f9e085', '5c9a3a52-c260-4b19-8a0a-8a42f24c4307'),
('3d086ed9-9b76-4ddf-9156-77f7547efe3f', 2, '2024-01-16', '89ef7139-58d9-4a2e-911e-17ae5993acb2', 'b4232058-b7fc-4ddd-b92b-0cfca6f9e085', '5c9a3a52-c260-4b19-8a0a-8a42f24c4307'),
('32695dd9-0084-4610-8d83-c15ec966807e', 4, '2024-01-17', '89ef7139-58d9-4a2e-911e-17ae5993acb2', 'b4232058-b7fc-4ddd-b92b-0cfca6f9e085', '5c9a3a52-c260-4b19-8a0a-8a42f24c4307'),
('74817919-1c78-4d78-b100-edbb7df0e038', 4, '2024-01-18', '89ef7139-58d9-4a2e-911e-17ae5993acb2', 'b4232058-b7fc-4ddd-b92b-0cfca6f9e085', '5c9a3a52-c260-4b19-8a0a-8a42f24c4307'),
('0e488278-8162-4af4-9a04-7d4896bcfa46', 2, '2024-01-19', '89ef7139-58d9-4a2e-911e-17ae5993acb2', 'b4232058-b7fc-4ddd-b92b-0cfca6f9e085', '5c9a3a52-c260-4b19-8a0a-8a42f24c4307'),
('11707964-a3b7-48ba-97b0-21d6c1e97409', 2, '2024-01-20', '89ef7139-58d9-4a2e-911e-17ae5993acb2', 'b4232058-b7fc-4ddd-b92b-0cfca6f9e085', '5c9a3a52-c260-4b19-8a0a-8a42f24c4307'),
('179bdb31-627e-4604-ac42-8110cb04885d', 4, '2024-01-21', '89ef7139-58d9-4a2e-911e-17ae5993acb2', 'b4232058-b7fc-4ddd-b92b-0cfca6f9e085', '5c9a3a52-c260-4b19-8a0a-8a42f24c4307'),
('b1aaf3e1-b168-49e5-8aa4-bb452b89086e', 2, '2024-01-22', '89ef7139-58d9-4a2e-911e-17ae5993acb2', 'b4232058-b7fc-4ddd-b92b-0cfca6f9e085', '5c9a3a52-c260-4b19-8a0a-8a42f24c4307'),
('2eaf5697-33ae-4ec4-ad41-38901e8fe911', 3, '2024-01-23', '89ef7139-58d9-4a2e-911e-17ae5993acb2', 'b4232058-b7fc-4ddd-b92b-0cfca6f9e085', '5c9a3a52-c260-4b19-8a0a-8a42f24c4307'),
('4f71c768-fd20-4f32-9cd7-fa3ba9c0fa22', 4, '2024-01-24', '89ef7139-58d9-4a2e-911e-17ae5993acb2', 'b4232058-b7fc-4ddd-b92b-0cfca6f9e085', '5c9a3a52-c260-4b19-8a0a-8a42f24c4307'),
('e44df921-612c-4240-90a4-8f2f6b6739f7', 1, '2024-01-25', '89ef7139-58d9-4a2e-911e-17ae5993acb2', 'b4232058-b7fc-4ddd-b92b-0cfca6f9e085', '5c9a3a52-c260-4b19-8a0a-8a42f24c4307'),
('80ddd3fc-9b0f-42a7-9fb0-80e34250e8c2', 2, '2024-01-13', '89ef7139-58d9-4a2e-911e-17ae5993acb2', '890901e8-be06-49dd-a95c-fec971d01301', '5c9a3a52-c260-4b19-8a0a-8a42f24c4307'),
('bbb53161-b6a9-41ef-a565-ce78e749d537', 1, '2024-01-14', '89ef7139-58d9-4a2e-911e-17ae5993acb2', '890901e8-be06-49dd-a95c-fec971d01301', '5c9a3a52-c260-4b19-8a0a-8a42f24c4307'),
('67e6c0e2-eee4-47a4-906d-be9a1aa4acc1', 2, '2024-01-15', '89ef7139-58d9-4a2e-911e-17ae5993acb2', '890901e8-be06-49dd-a95c-fec971d01301', '5c9a3a52-c260-4b19-8a0a-8a42f24c4307'),
('1dcf28be-76f3-4bdc-8bd5-b88dd06941ae', 3, '2024-01-16', '89ef7139-58d9-4a2e-911e-17ae5993acb2', '890901e8-be06-49dd-a95c-fec971d01301', '5c9a3a52-c260-4b19-8a0a-8a42f24c4307'),
('6d4642be-4716-44ef-98d9-d552effcd093', 4, '2024-01-17', '89ef7139-58d9-4a2e-911e-17ae5993acb2', '890901e8-be06-49dd-a95c-fec971d01301', '5c9a3a52-c260-4b19-8a0a-8a42f24c4307'),
('ec4f9ce1-3891-4d90-9c33-80decc0bcee6', 4, '2024-01-18', '89ef7139-58d9-4a2e-911e-17ae5993acb2', '890901e8-be06-49dd-a95c-fec971d01301', '5c9a3a52-c260-4b19-8a0a-8a42f24c4307'),
('9a38b1fc-7f4f-4f6d-beaa-239f122c23fb', 3, '2024-01-19', '89ef7139-58d9-4a2e-911e-17ae5993acb2', '890901e8-be06-49dd-a95c-fec971d01301', '5c9a3a52-c260-4b19-8a0a-8a42f24c4307'),
('7516fa9f-99a7-42cd-9f43-40f67a64a605', 3, '2024-01-20', '89ef7139-58d9-4a2e-911e-17ae5993acb2', '890901e8-be06-49dd-a95c-fec971d01301', '5c9a3a52-c260-4b19-8a0a-8a42f24c4307'),
('81d26437-9399-4d34-ad14-b95f85de0bbc', 0, '2024-01-21', '89ef7139-58d9-4a2e-911e-17ae5993acb2', '890901e8-be06-49dd-a95c-fec971d01301', '5c9a3a52-c260-4b19-8a0a-8a42f24c4307'),
('6e7b3f4f-f725-495b-82d7-130fae1617e0', 3, '2024-01-22', '89ef7139-58d9-4a2e-911e-17ae5993acb2', '890901e8-be06-49dd-a95c-fec971d01301', '5c9a3a52-c260-4b19-8a0a-8a42f24c4307'),
('a5d58fd6-f8c4-4ac8-b704-7e6a0f65207a', 4, '2024-01-23', '89ef7139-58d9-4a2e-911e-17ae5993acb2', '890901e8-be06-49dd-a95c-fec971d01301', '5c9a3a52-c260-4b19-8a0a-8a42f24c4307'),
('2ca9ffcc-ee4c-4a0f-aa44-d5dcaedbfb29', 0, '2024-01-24', '89ef7139-58d9-4a2e-911e-17ae5993acb2', '890901e8-be06-49dd-a95c-fec971d01301', '5c9a3a52-c260-4b19-8a0a-8a42f24c4307'),
('18be3b53-22c0-4893-9891-5a822f237d81', 0, '2024-01-25', '89ef7139-58d9-4a2e-911e-17ae5993acb2', '890901e8-be06-49dd-a95c-fec971d01301', '5c9a3a52-c260-4b19-8a0a-8a42f24c4307'),
('3551f5f9-1213-40c2-b5dd-51d46ca7a467', 3, '2024-01-13', '89ef7139-58d9-4a2e-911e-17ae5993acb2', '106bf881-b05a-4253-bf0a-4245c1cf0baf', '3b1a76f0-4b38-4b7d-97ed-2f1f0115f341'),
('f6b160d7-8b73-4bc7-8069-035833de6b65', 1, '2024-01-14', '89ef7139-58d9-4a2e-911e-17ae5993acb2', '106bf881-b05a-4253-bf0a-4245c1cf0baf', '3b1a76f0-4b38-4b7d-97ed-2f1f0115f341'),
('a0c12c17-a9e3-4f2c-b450-a2219013bb37', 3, '2024-01-15', '89ef7139-58d9-4a2e-911e-17ae5993acb2', '106bf881-b05a-4253-bf0a-4245c1cf0baf', '3b1a76f0-4b38-4b7d-97ed-2f1f0115f341'),
('2c2b8c26-bc76-41d8-b0f3-48a4481b05bf', 0, '2024-01-16', '89ef7139-58d9-4a2e-911e-17ae5993acb2', '106bf881-b05a-4253-bf0a-4245c1cf0baf', '3b1a76f0-4b38-4b7d-97ed-2f1f0115f341'),
('12d806eb-a7a6-4201-9f69-9299f3b8c313', 3, '2024-01-17', '89ef7139-58d9-4a2e-911e-17ae5993acb2', '106bf881-b05a-4253-bf0a-4245c1cf0baf', '3b1a76f0-4b38-4b7d-97ed-2f1f0115f341'),
('92b3d011-75a5-4d13-8b72-ce476471e1db', 2, '2024-01-18', '89ef7139-58d9-4a2e-911e-17ae5993acb2', '106bf881-b05a-4253-bf0a-4245c1cf0baf', '3b1a76f0-4b38-4b7d-97ed-2f1f0115f341'),
('6852f5b1-58d1-4496-8110-b663c235eebd', 1, '2024-01-19', '89ef7139-58d9-4a2e-911e-17ae5993acb2', '106bf881-b05a-4253-bf0a-4245c1cf0baf', '3b1a76f0-4b38-4b7d-97ed-2f1f0115f341'),
('31636287-f91f-44eb-a167-fc8cf2f10b2e', 0, '2024-01-20', '89ef7139-58d9-4a2e-911e-17ae5993acb2', '106bf881-b05a-4253-bf0a-4245c1cf0baf', '3b1a76f0-4b38-4b7d-97ed-2f1f0115f341'),
('fff39b2c-471e-4024-b9d7-4f94b5fe2ad6', 1, '2024-01-21', '89ef7139-58d9-4a2e-911e-17ae5993acb2', '106bf881-b05a-4253-bf0a-4245c1cf0baf', '3b1a76f0-4b38-4b7d-97ed-2f1f0115f341'),
('73840800-eb5d-467c-a6f6-43155127571f', 1, '2024-01-22', '89ef7139-58d9-4a2e-911e-17ae5993acb2', '106bf881-b05a-4253-bf0a-4245c1cf0baf', '3b1a76f0-4b38-4b7d-97ed-2f1f0115f341'),
('e550cc6e-6e77-48ef-8da7-420cf27b9a87', 1, '2024-01-23', '89ef7139-58d9-4a2e-911e-17ae5993acb2', '106bf881-b05a-4253-bf0a-4245c1cf0baf', '3b1a76f0-4b38-4b7d-97ed-2f1f0115f341'),
('28963fa0-092c-4261-9b09-15d8c8bc4576', 0, '2024-01-24', '89ef7139-58d9-4a2e-911e-17ae5993acb2', '106bf881-b05a-4253-bf0a-4245c1cf0baf', '3b1a76f0-4b38-4b7d-97ed-2f1f0115f341'),
('d60b8868-ead8-4537-b87d-3cec25e6563b', 2, '2024-01-25', '89ef7139-58d9-4a2e-911e-17ae5993acb2', '106bf881-b05a-4253-bf0a-4245c1cf0baf', '3b1a76f0-4b38-4b7d-97ed-2f1f0115f341'),
('343a2483-4a2f-4066-8392-0c57d79a6e35', 0, '2024-01-13', '89ef7139-58d9-4a2e-911e-17ae5993acb2', 'b4232058-b7fc-4ddd-b92b-0cfca6f9e085', '3b1a76f0-4b38-4b7d-97ed-2f1f0115f341'),
('8acc4cb1-082c-4283-ba6d-bb8b212ab6b6', 1, '2024-01-14', '89ef7139-58d9-4a2e-911e-17ae5993acb2', 'b4232058-b7fc-4ddd-b92b-0cfca6f9e085', '3b1a76f0-4b38-4b7d-97ed-2f1f0115f341'),
('a487dcc7-ca50-4919-b863-d26b0c6973c1', 4, '2024-01-15', '89ef7139-58d9-4a2e-911e-17ae5993acb2', 'b4232058-b7fc-4ddd-b92b-0cfca6f9e085', '3b1a76f0-4b38-4b7d-97ed-2f1f0115f341'),
('4754a8ae-4bb6-4a7a-b3f5-1d52ec499ba0', 3, '2024-01-16', '89ef7139-58d9-4a2e-911e-17ae5993acb2', 'b4232058-b7fc-4ddd-b92b-0cfca6f9e085', '3b1a76f0-4b38-4b7d-97ed-2f1f0115f341'),
('c12525f2-2788-415e-8b9a-429b910b42cd', 4, '2024-01-17', '89ef7139-58d9-4a2e-911e-17ae5993acb2', 'b4232058-b7fc-4ddd-b92b-0cfca6f9e085', '3b1a76f0-4b38-4b7d-97ed-2f1f0115f341'),
('12c1b03f-3f79-4faf-a9e7-b66aea43838a', 4, '2024-01-18', '89ef7139-58d9-4a2e-911e-17ae5993acb2', 'b4232058-b7fc-4ddd-b92b-0cfca6f9e085', '3b1a76f0-4b38-4b7d-97ed-2f1f0115f341'),
('0df017aa-21fb-417c-9d8a-4a0af20b34fd', 4, '2024-01-19', '89ef7139-58d9-4a2e-911e-17ae5993acb2', 'b4232058-b7fc-4ddd-b92b-0cfca6f9e085', '3b1a76f0-4b38-4b7d-97ed-2f1f0115f341'),
('8e6244f5-bc22-443f-97b6-26a9ade8355f', 0, '2024-01-20', '89ef7139-58d9-4a2e-911e-17ae5993acb2', 'b4232058-b7fc-4ddd-b92b-0cfca6f9e085', '3b1a76f0-4b38-4b7d-97ed-2f1f0115f341'),
('e67f8764-18e3-4fd0-a488-4b55f4118ebb', 2, '2024-01-21', '89ef7139-58d9-4a2e-911e-17ae5993acb2', 'b4232058-b7fc-4ddd-b92b-0cfca6f9e085', '3b1a76f0-4b38-4b7d-97ed-2f1f0115f341'),
('6dd24dfc-9909-4a79-8f2d-38bbbe2bd283', 1, '2024-01-22', '89ef7139-58d9-4a2e-911e-17ae5993acb2', 'b4232058-b7fc-4ddd-b92b-0cfca6f9e085', '3b1a76f0-4b38-4b7d-97ed-2f1f0115f341'),
('d4e4c6cc-a4ae-4b76-98fb-81c7871d3e4d', 1, '2024-01-23', '89ef7139-58d9-4a2e-911e-17ae5993acb2', 'b4232058-b7fc-4ddd-b92b-0cfca6f9e085', '3b1a76f0-4b38-4b7d-97ed-2f1f0115f341'),
('b5c59a72-8f89-42d3-9c69-d6712cdba559', 1, '2024-01-24', '89ef7139-58d9-4a2e-911e-17ae5993acb2', 'b4232058-b7fc-4ddd-b92b-0cfca6f9e085', '3b1a76f0-4b38-4b7d-97ed-2f1f0115f341'),
('6dcabcec-3af8-494a-ac7d-fd58c72e1554', 0, '2024-01-25', '89ef7139-58d9-4a2e-911e-17ae5993acb2', 'b4232058-b7fc-4ddd-b92b-0cfca6f9e085', '3b1a76f0-4b38-4b7d-97ed-2f1f0115f341'),
('9b4c0139-ed16-4d3b-85d4-cdf47590f9a9', 3, '2024-01-13', '89ef7139-58d9-4a2e-911e-17ae5993acb2', '890901e8-be06-49dd-a95c-fec971d01301', '3b1a76f0-4b38-4b7d-97ed-2f1f0115f341'),
('f9faf8fb-dc68-4d90-93bb-c62d4f640399', 4, '2024-01-14', '89ef7139-58d9-4a2e-911e-17ae5993acb2', '890901e8-be06-49dd-a95c-fec971d01301', '3b1a76f0-4b38-4b7d-97ed-2f1f0115f341'),
('fbb3a299-9974-442d-bcc7-466f883752c1', 4, '2024-01-15', '89ef7139-58d9-4a2e-911e-17ae5993acb2', '890901e8-be06-49dd-a95c-fec971d01301', '3b1a76f0-4b38-4b7d-97ed-2f1f0115f341'),
('e24721c4-7984-4358-a6af-4aec92fb8ec6', 1, '2024-01-16', '89ef7139-58d9-4a2e-911e-17ae5993acb2', '890901e8-be06-49dd-a95c-fec971d01301', '3b1a76f0-4b38-4b7d-97ed-2f1f0115f341'),
('83f61b80-b279-4243-b3f3-3741ad9224a1', 4, '2024-01-17', '89ef7139-58d9-4a2e-911e-17ae5993acb2', '890901e8-be06-49dd-a95c-fec971d01301', '3b1a76f0-4b38-4b7d-97ed-2f1f0115f341'),
('37525fc9-95aa-4622-b57a-9aea8d862675', 2, '2024-01-18', '89ef7139-58d9-4a2e-911e-17ae5993acb2', '890901e8-be06-49dd-a95c-fec971d01301', '3b1a76f0-4b38-4b7d-97ed-2f1f0115f341'),
('3c8a49d3-03de-4931-ab9d-11fe1b9b7e3a', 3, '2024-01-19', '89ef7139-58d9-4a2e-911e-17ae5993acb2', '890901e8-be06-49dd-a95c-fec971d01301', '3b1a76f0-4b38-4b7d-97ed-2f1f0115f341'),
('e3867bcb-5fe7-43fd-b60e-bfedc44a56b6', 4, '2024-01-20', '89ef7139-58d9-4a2e-911e-17ae5993acb2', '890901e8-be06-49dd-a95c-fec971d01301', '3b1a76f0-4b38-4b7d-97ed-2f1f0115f341'),
('2f04ca68-c807-4e79-a6a2-38ace860cbf1', 2, '2024-01-21', '89ef7139-58d9-4a2e-911e-17ae5993acb2', '890901e8-be06-49dd-a95c-fec971d01301', '3b1a76f0-4b38-4b7d-97ed-2f1f0115f341'),
('be1ef733-8381-4293-9d5e-717a2f81408f', 4, '2024-01-22', '89ef7139-58d9-4a2e-911e-17ae5993acb2', '890901e8-be06-49dd-a95c-fec971d01301', '3b1a76f0-4b38-4b7d-97ed-2f1f0115f341'),
('c4a65653-688e-4695-a88a-e9ac9486f8c3', 4, '2024-01-23', '89ef7139-58d9-4a2e-911e-17ae5993acb2', '890901e8-be06-49dd-a95c-fec971d01301', '3b1a76f0-4b38-4b7d-97ed-2f1f0115f341'),
('562b18d2-6259-4f23-968d-53949c72ab34', 0, '2024-01-24', '89ef7139-58d9-4a2e-911e-17ae5993acb2', '890901e8-be06-49dd-a95c-fec971d01301', '3b1a76f0-4b38-4b7d-97ed-2f1f0115f341'),
('9a7e4a86-3e71-4a63-85af-5fb04321a29c', 0, '2024-01-25', '89ef7139-58d9-4a2e-911e-17ae5993acb2', '890901e8-be06-49dd-a95c-fec971d01301', '3b1a76f0-4b38-4b7d-97ed-2f1f0115f341');
